mean_fit_time,std_fit_time,mean_score_time,std_score_time,param_Algoritmo__min_samples_leaf,param_Algoritmo__n_estimators,params,split0_test_score,split1_test_score,split2_test_score,mean_test_score,std_test_score,rank_test_score
0.8667544523874918,0.09062265936700478,0.3753759066263835,0.04543812583172616,10,100,"{'Algoritmo__min_samples_leaf': 10, 'Algoritmo__n_estimators': 100}",0.8859964339596764,0.8854271561930164,0.8892918379010968,0.8869051426845965,0.0017035756193473904,11
1.8122539520263672,0.041421146112116315,0.36980446179707843,0.024711609041092552,10,200,"{'Algoritmo__min_samples_leaf': 10, 'Algoritmo__n_estimators': 200}",0.8868845151556715,0.8828076096127153,0.8912922189260538,0.8869947812314801,0.0034647046777085523,9
4.391102313995361,0.1239028726385099,0.6678901513417562,0.0934647712963612,10,400,"{'Algoritmo__min_samples_leaf': 10, 'Algoritmo__n_estimators': 400}",0.8874777122479769,0.8823177203821135,0.8900640938410037,0.8866198421570314,0.003220096402372004,14
5.230170090993245,0.12858376195776366,0.7931489944458008,0.08797791804866066,10,500,"{'Algoritmo__min_samples_leaf': 10, 'Algoritmo__n_estimators': 500}",0.8869222328898642,0.8825014288435893,0.8904587268323217,0.8866274628552584,0.0032552332072472187,13
14.02640700340271,0.4148332851377002,0.8913082281748453,0.18686556255155162,10,1000,"{'Algoritmo__min_samples_leaf': 10, 'Algoritmo__n_estimators': 1000}",0.8881497736935948,0.8828824538007239,0.8900981139264621,0.8870434471402603,0.0030478852334585144,8
1.805858850479126,0.23917284141080483,0.5087166627248129,0.06589454557980588,20,100,"{'Algoritmo__min_samples_leaf': 20, 'Algoritmo__n_estimators': 100}",0.883006446303662,0.8854407642271998,0.8891659635849005,0.8858710580385875,0.0025329531983514075,21
3.265269120534261,0.06328178482535027,0.757404645284017,0.0704829554127477,20,200,"{'Algoritmo__min_samples_leaf': 20, 'Algoritmo__n_estimators': 200}",0.8843711425044576,0.8836240916637182,0.8902409982853877,0.8860787441511878,0.002958917690407565,19
4.869503100713094,0.9693807741412603,0.8197593688964844,0.03191399680525017,20,400,"{'Algoritmo__min_samples_leaf': 20, 'Algoritmo__n_estimators': 400}",0.8869290906597175,0.8850121111504232,0.8895027624309393,0.88714798808036,0.0018398232326998353,7
6.181042353312175,0.6351833451672969,0.6629464626312256,0.1164939229690549,20,500,"{'Algoritmo__min_samples_leaf': 20, 'Algoritmo__n_estimators': 500}",0.8869908105883966,0.8851141714067985,0.890339656533217,0.8874815461761374,0.0021613328857307402,4
12.662293910980225,1.8827553986559526,1.0280336538950603,0.08417863273361077,20,1000,"{'Algoritmo__min_samples_leaf': 20, 'Algoritmo__n_estimators': 1000}",0.8868810862707446,0.885787769098876,0.8895810086274938,0.8874166213323714,0.0015942113791340767,5
1.7381192843119304,0.09847702767626364,0.5333163738250732,0.021034636965320173,30,100,"{'Algoritmo__min_samples_leaf': 30, 'Algoritmo__n_estimators': 100}",0.8856672610067206,0.8875432055085323,0.8888563808072287,0.8873556157741606,0.0013086924025732909,6
2.8439110120137534,0.24987008385009501,0.47611522674560547,0.06212559193381707,30,200,"{'Algoritmo__min_samples_leaf': 30, 'Algoritmo__n_estimators': 200}",0.8851254971883143,0.8865838390986038,0.8890605013199793,0.8869232792022993,0.0016242904229339685,10
5.50543491045634,1.2390160299298614,0.5788286526997884,0.018816225962451034,30,400,"{'Algoritmo__min_samples_leaf': 30, 'Algoritmo__n_estimators': 400}",0.8862295981346865,0.8865226029447786,0.8902546063195711,0.8876689357996788,0.00183225398216962,1
5.833839495976766,1.138945565370217,0.6021277904510498,0.11485288178485369,30,500,"{'Algoritmo__min_samples_leaf': 30, 'Algoritmo__n_estimators': 500}",0.8855232478398025,0.8864817788422283,0.8905539830716054,0.8875196699178787,0.0021809764872355868,3
11.361832936604818,2.189390443627094,0.8891261418660482,0.1053975945712948,30,1000,"{'Algoritmo__min_samples_leaf': 30, 'Algoritmo__n_estimators': 1000}",0.8851323549581676,0.8870873363633889,0.8904076967041341,0.8875424626752301,0.002177561725720164,2
1.2938504219055176,0.05598103416051813,0.4156043529510498,0.06994230033012878,50,100,"{'Algoritmo__min_samples_leaf': 50, 'Algoritmo__n_estimators': 100}",0.8870936771361954,0.8833825490569633,0.8889652450806955,0.8864804904246181,0.002320003186892926,16
2.483107566833496,0.5285444096069077,0.4598086675008138,0.07654040537022239,50,200,"{'Algoritmo__min_samples_leaf': 50, 'Algoritmo__n_estimators': 200}",0.8868330818817721,0.8820489617069918,0.8899382195248075,0.8862734210378571,0.003244997424154112,18
4.117119948069255,0.42409903594454146,0.6507252852121989,0.13354767102543494,50,400,"{'Algoritmo__min_samples_leaf': 50, 'Algoritmo__n_estimators': 400}",0.8861815937457139,0.883828212176469,0.889353074054922,0.8864542933257017,0.002263742990372359,17
4.78628142674764,0.6835896461833401,0.6466419696807861,0.10347237961880336,50,500,"{'Algoritmo__min_samples_leaf': 50, 'Algoritmo__n_estimators': 500}",0.885872994102318,0.8844950058514546,0.8898633753367989,0.8867437917635238,0.0022764832758541222,12
9.658175309499105,0.37863378280391263,0.9609417120615641,0.18576082528066168,50,1000,"{'Algoritmo__min_samples_leaf': 50, 'Algoritmo__n_estimators': 1000}",0.8857907008640791,0.8839234684157526,0.8901355360204664,0.8866165684334327,0.002602433337342307,15
1.5977176030476887,0.12051937244406205,0.4165773391723633,0.0785077962452529,75,100,"{'Algoritmo__min_samples_leaf': 75, 'Algoritmo__n_estimators': 100}",0.8858112741736388,0.8829641020058243,0.8884379337560896,0.8857377699785176,0.0022352868059943116,22
2.313854694366455,0.372576857465124,0.34905219078063965,0.01846724539780647,75,200,"{'Algoritmo__min_samples_leaf': 75, 'Algoritmo__n_estimators': 200}",0.8864216156905774,0.8822360721770133,0.8890196772174292,0.8858924550283399,0.002794558115449135,20
5.1161627769470215,0.2503106462190578,0.647783358891805,0.13839452700056423,75,400,"{'Algoritmo__min_samples_leaf': 75, 'Algoritmo__n_estimators': 400}",0.8845117267864491,0.8828960618349073,0.8886964864055739,0.8853680916756433,0.002444211108937696,23
5.107351620992024,0.8285160251135578,0.614397128423055,0.02519525651753421,75,500,"{'Algoritmo__min_samples_leaf': 75, 'Algoritmo__n_estimators': 500}",0.8842545604169524,0.8832022426040335,0.888499169909915,0.8853186576436336,0.002289626883988049,24
8.491660118103027,0.7189283921674307,0.7391480604807535,0.1296155467568696,75,1000,"{'Algoritmo__min_samples_leaf': 75, 'Algoritmo__n_estimators': 1000}",0.8843642847346045,0.8830661622621997,0.8884447377731812,0.8852917282566617,0.002291634387184122,25
1.0667826334635417,0.06728878517797568,0.4226235548655192,0.05207548833603513,100,100,"{'Algoritmo__min_samples_leaf': 100, 'Algoritmo__n_estimators': 100}",0.8835653545467015,0.881474022262744,0.8886624663201154,0.8845672810431869,0.0030189760427181554,26
2.1041362285614014,0.13763122911488712,0.43297521273295086,0.02461483718077441,100,200,"{'Algoritmo__min_samples_leaf': 100, 'Algoritmo__n_estimators': 200}",0.8832053216294061,0.8801438369213184,0.8885467980295565,0.8839653188600937,0.0034723321355759522,30
4.450366099675496,0.4769923421584056,0.6005896727244059,0.005185363458236192,100,400,"{'Algoritmo__min_samples_leaf': 100, 'Algoritmo__n_estimators': 400}",0.8828247154025511,0.8810147511090548,0.8883188634569851,0.8840527766561971,0.0031057597170232546,29
4.981620868047078,0.5323086244639876,0.3775769869486491,0.026066553150129654,100,500,"{'Algoritmo__min_samples_leaf': 100, 'Algoritmo__n_estimators': 500}",0.8829310108352765,0.8815998965789402,0.8886386522602945,0.8843898532248371,0.0030531062022835414,27
6.39406402905782,0.8661267084496235,0.25792622566223145,0.03235427140956273,100,1000,"{'Algoritmo__min_samples_leaf': 100, 'Algoritmo__n_estimators': 1000}",0.8828315731724043,0.8812903138012682,0.88851958196119,0.8842138229782875,0.0031089698643776567,28
